month,year,month_name,Carleton (Chef Don's Pizza Pi),Uris (Chef Mike's Sub Shop),John Jay,Fac Shack,JJ's Place,FBC,TC - Grace Dodge,Total Dining
1,2023,January,4946.0,9819.0,26175.0,0.0,15073.0,32397.0,0.0,88410.0
2,2023,February,8828.0,24123.0,61378.0,0.0,50237.0,84150.0,0.0,228716.0
3,2023,March,7504.0,23804.0,59420.0,0.0,54684.0,87551.0,0.0,232963.0
4,2023,April,9635.0,19965.0,60672.0,0.0,56669.0,83590.0,0.0,230531.0
5,2023,May,3188.0,9264.0,29610.0,0.0,33333.0,41103.0,0.0,116498.0
6,2023,June,0.0,0.0,0.0,0.0,15.0,24982.0,0.0,24997.0
7,2023,July,0.0,0.0,0.0,0.0,0.0,94054.0,0.0,94054.0
8,2023,August,0.0,0.0,4608.0,0.0,0.0,30405.0,25.0,35038.0
9,2023,September,6416.0,19277.0,104241.0,0.0,53891.0,90415.0,7481.0,281721.0
10,2023,October,5683.0,21923.0,64170.0,0.0,62774.0,81635.0,11069.0,247254.0
11,2023,November,4396.0,16991.0,52488.0,0.0,52719.0,65073.0,9119.0,200786.0
12,2023,December,4639.0,19053.0,57450.0,0.0,65386.0,70577.0,10517.0,227622.0
1,2024,January,2206.0,8937.0,25837.0,0.0,22085.0,31790.0,6535.0,97390.0
2,2024,February,5707.0,22750.0,60282.0,0.0,62483.0,72744.0,10739.0,234705.0
3,2024,March,5498.0,20928.0,59434.0,0.0,61721.0,74734.0,11185.0,233500.0
4,2024,April,5251.0,19983.0,56303.0,0.0,72064.0,69164.0,11275.0,234040.0
5,2024,May,399.0,1634.0,19111.0,0.0,19805.0,22378.0,4979.0,68306.0
6,2024,June,0.0,795.5436534902749,3191.9366159781916,0.0,5130.0,40788.51973053154,0.0,49906.0
7,2024,July,0.0,10501.04,22748.358095238094,0.0,5130.0,78358.4,0.0,116737.79809523809
8,2024,August,0.0,2608.98,6042.798095238095,0.0,100.0,27100.899999999998,0.0,35852.678095238094
9,2024,September,6735.0,22740.0,112293.0,10072.0,59721.0,91808.0,7890.0,311259.0
10,2024,October,6793.0,25252.0,62469.0,10356.0,71631.0,83336.0,8594.0,268431.0
11,2024,November,6744.0,25227.0,68286.0,8508.0,79364.0,83192.0,8334.0,279655.0
12,2024,December,3814.0,15352.0,43879.0,5005.0,57764.0,52103.0,4817.0,182734.0
